{
  "region": {
    "africa": "Afryka",
    "americas": "Ameryki",
    "antarctica": "Antarktyda",
    "arctic": "Arktyka",
    "asia": "Azja",
    "atlantic": "Atlantyk",
    "australia": "Australia",
    "europe": "Europa",
    "indianOcean": "Ocean Indyjski",
    "pacific": "Pacyfik",
    "utc": "UTC"
  },
  "country": {
    "afghanistan": "Afganistan",
    "albania": "Albania",
    "algeria": "Algieria",
    "americanSamoa": "Samoa Amerykańskie",
    "andorra": "Andora",
    "angola": "Angola",
    "anguilla": "Anguilla",
    "antarctica": "Antarktyda",
    "antiguaAndBarbuda": "Antigua i Barbuda",
    "argentina": "Argentyna",
    "armenia": "Armenia",
    "aruba": "Aruba",
    "australia": "Australia",
    "austria": "Austria",
    "azerbaijan": "Azerbejdżan",
    "bahamas": "Bahamy",
    "bahrain": "Bahrajn",
    "bangladesh": "Bangladesz",
    "barbados": "Barbados",
    "belarus": "Białoruś",
    "belgium": "Belgia",
    "belize": "Belize",
    "benin": "Benin",
    "bermuda": "Bermudy",
    "bhutan": "Bhutan",
    "bolivia": "Boliwia",
    "bosniaAndHerzegovina": "Bośnia i Hercegowina",
    "botswana": "Botswana",
    "brazil": "Brazylia",
    "britishIndianOceanTerritory": "Brytyjskie Terytorium Oceanu Indyjskiego",
    "britishVirginIslands": "Brytyjskie Wyspy Dziewicze",
    "brunei": "Brunei",
    "bulgaria": "Bułgaria",
    "burkinaFaso": "Burkina Faso",
    "burundi": "Burundi",
    "cambodia": "Kambodża",
    "cameroon": "Kamerun",
    "canada": "Kanada",
    "capeVerde": "Republika Zielonego Przylądka",
    "caribbeanNetherlands": "Niderlandy Karaibskie",
    "caymanIslands": "Kajmany",
    "centralAfricanRepublic": "Republika Środkowoafrykańska",
    "chad": "Czad",
    "chile": "Chile",
    "china": "Chiny",
    "cocosIslands": "Wyspy Kokosowe",
    "colombia": "Kolumbia",
    "comoros": "Komory",
    "cookIslands": "Wyspy Cooka",
    "costaRica": "Kostaryka",
    "coteDIvoire": "Wybrzeże Kości Słoniowej",
    "croatia": "Chorwacja",
    "cuba": "Kuba",
    "curacao": "Curaçao",
    "cyprus": "Cypr",
    "czechRepublic": "Czechy",
    "democraticRepublicOfTheCongo": "Demokratyczna Republika Konga",
    "denmark": "Dania",
    "djibouti": "Dżibuti",
    "dominica": "Dominika",
    "dominicanRepublic": "Dominikana",
    "ecuador": "Ekwador",
    "egypt": "Egipt",
    "elSalvador": "Salwador",
    "equatorialGuinea": "Gwinea Równikowa",
    "eritrea": "Erytrea",
    "estonia": "Estonia",
    "eswatini": "Eswatini",
    "ethiopia": "Etiopia",
    "falklandIslands": "Falklandy",
    "faroeIslands": "Wyspy Owcze",
    "fiji": "Fidżi",
    "finland": "Finlandia",
    "france": "Francja",
    "frenchGuiana": "Gujana Francuska",
    "frenchPolynesia": "Polinezja Francuska",
    "frenchSouthernTerritories": "Francuskie Terytoria Południowe i Antarktyczne",
    "gabon": "Gabon",
    "gambia": "Gambia",
    "georgia": "Gruzja",
    "germany": "Niemcy",
    "ghana": "Ghana",
    "gibraltar": "Gibraltar",
    "greece": "Grecja",
    "greenland": "Grenlandia",
    "grenada": "Grenada",
    "guadeloupe": "Gwadelupa",
    "guam": "Guam",
    "guatemala": "Gwatemala",
    "guernsey": "Guernsey",
    "guinea": "Gwinea",
    "guineaBissau": "Gwinea Bissau",
    "guyana": "Gujana",
    "haiti": "Haiti",
    "honduras": "Honduras",
    "hongKong": "Hongkong",
    "hungary": "Węgry",
    "iceland": "Islandia",
    "india": "Indie",
    "indonesia": "Indonezja",
    "iran": "Iran",
    "iraq": "Irak",
    "ireland": "Irlandia",
    "isleOfMan": "Wyspa Man",
    "israel": "Izrael",
    "italy": "Włochy",
    "jamaica": "Jamajka",
    "japan": "Japonia",
    "jersey": "Jersey",
    "jordan": "Jordania",
    "kazakhstan": "Kazachstan",
    "kenya": "Kenia",
    "kiribati": "Kiribati",
    "kuwait": "Kuwejt",
    "kyrgyzstan": "Kirgistan",
    "latvia": "Łotwa",
    "lebanon": "Liban",
    "lesotho": "Lesotho",
    "liberia": "Liberia",
    "libya": "Libia",
    "liechtenstein": "Liechtenstein",
    "lithuania": "Litwa",
    "luxembourg": "Luksemburg",
    "macau": "Makau",
    "madagascar": "Madagaskar",
    "malawi": "Malawi",
    "malaysia": "Malezja",
    "maldives": "Malediwy",
    "mali": "Mali",
    "malta": "Malta",
    "marshallIslands": "Wyspy Marshalla",
    "martinique": "Martynika",
    "mauritania": "Mauretania",
    "mauritius": "Mauritius",
    "mayotte": "Majotta",
    "mexico": "Meksyk",
    "micronesia": "Mikronezja",
    "moldova": "Mołdawia",
    "monaco": "Monako",
    "mongolia": "Mongolia",
    "montenegro": "Czarnogóra",
    "montserrat": "Montserrat",
    "morocco": "Maroko",
    "mozambique": "Mozambik",
    "myanmar": "Mjanma",
    "namibia": "Namibia",
    "nauru": "Nauru",
    "nepal": "Nepal",
    "netherlands": "Niderlandy",
    "newCaledonia": "Nowa Kaledonia",
    "newZealand": "Nowa Zelandia",
    "nicaragua": "Nikaragua",
    "niger": "Niger",
    "nigeria": "Nigeria",
    "niue": "Niue",
    "norfolkIsland": "Wyspa Norfolk",
    "northKorea": "Korea Północna",
    "northMacedonia": "Macedonia Północna",
    "northernMarianaIslands": "Mariany Północne",
    "norway": "Norwegia",
    "oman": "Oman",
    "pakistan": "Pakistan",
    "palau": "Palau",
    "palestine": "Palestyna",
    "panama": "Panama",
    "papuaNewGuinea": "Papua-Nowa Gwinea",
    "paraguay": "Paragwaj",
    "peru": "Peru",
    "philippines": "Filipiny",
    "pitcairnIslands": "Pitcairn",
    "poland": "Polska",
    "portugal": "Portugalia",
    "puertoRico": "Portoryko",
    "qatar": "Katar",
    "republicOfTheCongo": "Republika Konga",
    "reunion": "Reunion",
    "romania": "Rumunia",
    "russia": "Rosja",
    "rwanda": "Rwanda",
    "saintBarthelemy": "Saint-Barthélemy",
    "saintKittsAndNevis": "Saint Kitts i Nevis",
    "saintLucia": "Saint Lucia",
    "saintMartin": "Saint-Martin",
    "saintPierreAndMiquelon": "Saint-Pierre i Miquelon",
    "saintVincentAndTheGrenadines": "Saint Vincent i Grenadyny",
    "samoa": "Samoa",
    "sanMarino": "San Marino",
    "saoTomeAndPrincipe": "Wyspy Świętego Tomasza i Książęca",
    "saudiArabia": "Arabia Saudyjska",
    "senegal": "Senegal",
    "serbia": "Serbia",
    "seychelles": "Seszele",
    "sierraLeone": "Sierra Leone",
    "singapore": "Singapur",
    "sintMaarten": "Sint Maarten",
    "slovakia": "Słowacja",
    "slovenia": "Słowenia",
    "solomonIslands": "Wyspy Salomona",
    "somalia": "Somalia",
    "southAfrica": "Republika Południowej Afryki",
    "southGeorgiaAndTheSouthSandwichIslands": "Georgia Południowa i Sandwich Południowy",
    "southKorea": "Korea Południowa",
    "southSudan": "Sudan Południowy",
    "spain": "Hiszpania",
    "sriLanka": "Sri Lanka",
    "sudan": "Sudan",
    "suriname": "Surinam",
    "sweden": "Szwecja",
    "switzerland": "Szwajcaria",
    "syria": "Syria",
    "taiwan": "Tajwan",
    "tajikistan": "Tadżykistan",
    "tanzania": "Tanzania",
    "thailand": "Tajlandia",
    "timorLeste": "Timor Wschodni",
    "togo": "Togo",
    "tokelau": "Tokelau",
    "tonga": "Tonga",
    "trinidadAndTobago": "Trynidad i Tobago",
    "tunisia": "Tunezja",
    "turkey": "Turcja",
    "turkmenistan": "Turkmenistan",
    "turksAndCaicosIslands": "Turks i Caicos",
    "tuvalu": "Tuvalu",
    "uganda": "Uganda",
    "ukraine": "Ukraina",
    "unitedArabEmirates": "Zjednoczone Emiraty Arabskie",
    "unitedKingdom": "Zjednoczone Królestwo",
    "unitedStates": "Stany Zjednoczone",
    "unitedStatesVirginIslands": "Wyspy Dziewicze Stanów Zjednoczonych",
    "uruguay": "Urugwaj",
    "uzbekistan": "Uzbekistan",
    "vanuatu": "Vanuatu",
    "vaticanCity": "Watykan",
    "venezuela": "Wenezuela",
    "vietnam": "Wietnam",
    "wallisAndFutuna": "Wallis i Futuna",
    "westernSahara": "Sahara Zachodnia",
    "zambia": "Zambia",
    "zimbabwe": "Zimbabwe"
  },
  "city": {
    "abidjan": "Abidżan",
    "accra": "Akra",
    "addisAbaba": "Addis Abeba",
    "algiers": "Algier",
    "cairo": "Kair",
    "casablanca": "Casablanca",
    "dakar": "Dakar",
    "darEsSalaam": "Dar es Salaam",
    "johannesburg": "Johannesburg",
    "khartoum": "Chartum",
    "lagos": "Lagos",
    "nairobi": "Nairobi",
    "tripoli": "Trypolis",
    "tunis": "Tunis",
    "anchorage": "Anchorage",
    "chicago": "Chicago",
    "denver": "Denver",
    "detroit": "Detroit",
    "losAngeles": "Los Angeles",
    "newYork": "Nowy Jork",
    "phoenix": "Phoenix",
    "juneau": "Juneau",
    "boise": "Boise",
    "sitka": "Sitka",
    "metlakatla": "Metlakatla",
    "nome": "Nome",
    "adak": "Adak",
    "yakutat": "Yakutat",
    "menominee": "Menominee",
    "toronto": "Toronto",
    "vancouver": "Vancouver",
    "edmonton": "Edmonton",
    "winnipeg": "Winnipeg",
    "halifax": "Halifax",
    "stJohns": "St Johns",
    "mexicoCity": "Meksyk",
    "buenosAires": "Buenos Aires",
    "saoPaulo": "São Paulo",
    "santiago": "Santiago",
    "bogota": "Bogota",
    "lima": "Lima",
    "caracas": "Caracas",
    "laPaz": "La Paz",
    "montevideo": "Montevideo",
    "asuncion": "Asunción",
    "guayaquil": "Guayaquil",
    "guatemalaCity": "Gwatemala",
    "managua": "Managua",
    "sanJose": "San José",
    "panamaCity": "Panama",
    "havana": "Hawana",
    "kingston": "Kingston",
    "santoDomingo": "Santo Domingo",
    "portAuPrince": "Port-au-Prince",
    "portOfSpain": "Port of Spain",
    "honolulu": "Honolulu",
    "london": "Londyn",
    "dublin": "Dublin",
    "paris": "Paryż",
    "berlin": "Berlin",
    "rome": "Rzym",
    "madrid": "Madryt",
    "lisbon": "Lizbona",
    "amsterdam": "Amsterdam",
    "brussels": "Bruksela",
    "zurich": "Zurych",
    "vienna": "Wiedeń",
    "prague": "Praga",
    "warsaw": "Warszawa",
    "stockholm": "Sztokholm",
    "oslo": "Oslo",
    "copenhagen": "Kopenhaga",
    "helsinki": "Helsinki",
    "athens": "Ateny",
    "bucharest": "Bukareszt",
    "budapest": "Budapeszt",
    "sofia": "Sofia",
    "kyiv": "Kijów",
    "istanbul": "Stambuł",
    "moscow": "Moskwa",
    "reykjavik": "Reykjavik",
    "tokyo": "Tokio",
    "seoul": "Seul",
    "shanghai": "Szanghaj",
    "hongKong": "Hongkong",
    "singapore": "Singapur",
    "bangkok": "Bangkok",
    "jakarta": "Dżakarta",
    "manila": "Manila",
    "kualaLumpur": "Kuala Lumpur",
    "kolkata": "Kalkuta",
    "karachi": "Karaczi",
    "dhaka": "Dhaka",
    "kathmandu": "Katmandu",
    "colombo": "Kolombo",
    "kabul": "Kabul",
    "dubai": "Dubaj",
    "riyadh": "Rijad",
    "tehran": "Teheran",
    "jerusalem": "Jerozolima",
    "doha": "Doha",
    "kuwaitCity": "Kuwejt",
    "baghdad": "Bagdad",
    "amman": "Amman",
    "beirut": "Bejrut",
    "damascus": "Damaszek",
    "muscat": "Maskat",
    "yangon": "Rangun",
    "hoChiMinhCity": "Ho Chi Minh",
    "taipei": "Tajpej",
    "sydney": "Sydney",
    "melbourne": "Melbourne",
    "brisbane": "Brisbane",
    "perth": "Perth",
    "adelaide": "Adelajda",
    "darwin": "Darwin",
    "hobart": "Hobart",
    "auckland": "Auckland",
    "suva": "Suva",
    "portMoresby": "Port Moresby",
    "apia": "Apia",
    "guam": "Guam",
    "kumasi": "Kumasi",
    "direDawa": "Dire Dawa",
    "oran": "Oran",
    "alexandria": "Aleksandria",
    "rabat": "Rabat",
    "marrakech": "Marrakesz",
    "zanzibar": "Zanzibar",
    "capeTown": "Kapsztad",
    "durban": "Durban",
    "pretoria": "Pretoria",
    "omdurman": "Omdurman",
    "abuja": "Abudża",
    "kano": "Kano",
    "mombasa": "Mombasa",
    "benghazi": "Bengazi",
    "fairbanks": "Fairbanks",
    "ciudadDelEste": "Ciudad del Este",
    "medellin": "Medellín",
    "cali": "Cali",
    "maracaibo": "Maracaibo",
    "austin": "Austin",
    "dallas": "Dallas",
    "houston": "Houston",
    "kansasCity": "Kansas City",
    "minneapolis": "Minneapolis",
    "nashville": "Nashville",
    "newOrleans": "Nowy Orlean",
    "stLouis": "St Louis",
    "albuquerque": "Albuquerque",
    "coloradoSprings": "Colorado Springs",
    "saltLakeCity": "Salt Lake City",
    "santaFe": "Santa Fe",
    "quito": "Quito",
    "santaCruz": "Santa Cruz",
    "arequipa": "Arequipa",
    "cusco": "Cuzco",
    "lasVegas": "Las Vegas",
    "portland": "Portland",
    "sacramento": "Sacramento",
    "sanDiego": "San Diego",
    "sanFrancisco": "San Francisco",
    "seattle": "Seattle",
    "guadalajara": "Guadalajara",
    "puebla": "Puebla",
    "queretaro": "Querétaro",
    "puntaDelEste": "Punta del Este",
    "atlanta": "Atlanta",
    "boston": "Boston",
    "charlotte": "Charlotte",
    "miami": "Miami",
    "orlando": "Orlando",
    "philadelphia": "Filadelfia",
    "pittsburgh": "Pittsburgh",
    "washingtonDc": "Waszyngton",
    "tucson": "Tucson",
    "valparaiso": "Valparaíso",
    "puntaCana": "Punta Cana",
    "beloHorizonte": "Belo Horizonte",
    "brasilia": "Brasília",
    "rioDeJaneiro": "Rio de Janeiro",
    "salvador": "Salvador",
    "montreal": "Montreal",
    "ottawa": "Ottawa",
    "quebecCity": "Quebec City",
    "victoria": "Victoria",
    "saskatoon": "Saskatoon",
    "calgary": "Calgary",
    "moncton": "Moncton",
    "rosario": "Rosario",
    "aqaba": "Akaba",
    "basra": "Basra",
    "manama": "Manama",
    "chiangMai": "Chiang Mai",
    "phuket": "Phuket",
    "kandy": "Kandy",
    "chittagong": "Chittagong",
    "abuDhabi": "Abu Zabi",
    "sharjah": "Sharjah",
    "hanoi": "Hanoi",
    "daNang": "Da Nang",
    "bandung": "Bandung",
    "medan": "Medan",
    "surabaya": "Surabaja",
    "haifa": "Hajfa",
    "telAviv": "Tel Awiw",
    "islamabad": "Islamabad",
    "lahore": "Lahaur",
    "pokhara": "Pokhara",
    "ahmedabad": "Ahmadabad",
    "bangalore": "Bangalore",
    "chennai": "Ćennaj",
    "delhi": "Delhi",
    "hyderabad": "Hajdarabad",
    "jaipur": "Dźajpur",
    "mumbai": "Mumbaj",
    "pune": "Pune",
    "johorBahru": "Johor Bahru",
    "penang": "Penang",
    "denpasar": "Denpasar",
    "cebu": "Cebu",
    "davao": "Davao",
    "jeddah": "Dżudda",
    "mecca": "Mekka",
    "busan": "Pusan",
    "daegu": "Daegu",
    "incheon": "Inczon",
    "beijing": "Pekin",
    "chengdu": "Chengdu",
    "chongqing": "Chongqing",
    "guangzhou": "Kanton",
    "hangzhou": "Hangzhou",
    "shenzhen": "Shenzhen",
    "wuhan": "Wuhan",
    "kaohsiung": "Kaohsiung",
    "taichung": "Taichung",
    "mashhad": "Meszhed",
    "fukuoka": "Fukuoka",
    "kyoto": "Kioto",
    "nagoya": "Nagoya",
    "osaka": "Osaka",
    "sapporo": "Sapporo",
    "goldCoast": "Gold Coast",
    "sunshineCoast": "Sunshine Coast",
    "launceston": "Launceston",
    "geelong": "Geelong",
    "fremantle": "Fremantle",
    "canberra": "Canberra",
    "newcastle": "Newcastle",
    "eindhoven": "Eindhoven",
    "rotterdam": "Rotterdam",
    "theHague": "Haga",
    "thessaloniki": "Saloniki",
    "cologne": "Kolonia",
    "frankfurt": "Frankfurt",
    "hamburg": "Hamburg",
    "munich": "Monachium",
    "stuttgart": "Stuttgart",
    "antwerp": "Antwerpia",
    "ghent": "Gandawa",
    "debrecen": "Debreczyn",
    "szeged": "Segedyn",
    "aarhus": "Aarhus",
    "odense": "Odense",
    "cork": "Cork",
    "galway": "Galway",
    "tampere": "Tampere",
    "turku": "Turku",
    "ankara": "Ankara",
    "izmir": "Izmir",
    "porto": "Porto",
    "birmingham": "Birmingham",
    "edinburgh": "Edynburg",
    "glasgow": "Glasgow",
    "liverpool": "Liverpool",
    "manchester": "Manchester",
    "barcelona": "Barcelona",
    "bilbao": "Bilbao",
    "seville": "Sewilla",
    "valencia": "Walencja",
    "saintPetersburg": "Sankt Petersburg",
    "bergen": "Bergen",
    "trondheim": "Trondheim",
    "bordeaux": "Bordeaux",
    "lyon": "Lyon",
    "marseille": "Marsylia",
    "nice": "Nicea",
    "toulouse": "Tuluza",
    "brno": "Brno",
    "ostrava": "Ostrawa",
    "florence": "Florencja",
    "milan": "Mediolan",
    "naples": "Neapol",
    "turin": "Turyn",
    "venice": "Wenecja",
    "gothenburg": "Göteborg",
    "malmo": "Malmö",
    "graz": "Graz",
    "salzburg": "Salzburg",
    "gdansk": "Gdańsk",
    "krakow": "Kraków",
    "wroclaw": "Wrocław",
    "basel": "Bazylea",
    "geneva": "Genewa",
    "christchurch": "Christchurch",
    "queenstown": "Queenstown",
    "wellington": "Wellington",
    "lae": "Lae",
    "tallinn": "Tallin",
    "riga": "Ryga",
    "vilnius": "Wilno",
    "belgrade": "Belgrad",
    "zagreb": "Zagrzeb",
    "ljubljana": "Lublana",
    "bratislava": "Bratysława",
    "sanJuan": "San Juan",
    "monterrey": "Monterrey",
    "tbilisi": "Tbilisi",
    "yerevan": "Erywań",
    "baku": "Baku",
    "tashkent": "Taszkent",
    "bishkek": "Biszkek",
    "dushanbe": "Duszanbe",
    "ulaanbaatar": "Ułan Bator",
    "luanda": "Luanda",
    "maputo": "Maputo",
    "kampala": "Kampala",
    "kigali": "Kigali",
    "harare": "Harare",
    "lusaka": "Lusaka",
    "gaborone": "Gaborone"
  }
}
