{
  "region": {
    "africa": "アフリカ",
    "americas": "アメリカ大陸",
    "antarctica": "南極",
    "arctic": "北極",
    "asia": "アジア",
    "atlantic": "大西洋",
    "australia": "オーストラリア",
    "europe": "ヨーロッパ",
    "indianOcean": "インド洋",
    "pacific": "太平洋",
    "utc": "UTC"
  },
  "country": {
    "afghanistan": "アフガニスタン",
    "albania": "アルバニア",
    "algeria": "アルジェリア",
    "americanSamoa": "米領サモア",
    "andorra": "アンドラ",
    "angola": "アンゴラ",
    "anguilla": "アンギラ",
    "antarctica": "南極",
    "antiguaAndBarbuda": "アンティグア・バーブーダ",
    "argentina": "アルゼンチン",
    "armenia": "アルメニア",
    "aruba": "アルバ",
    "australia": "オーストラリア",
    "austria": "オーストリア",
    "azerbaijan": "アゼルバイジャン",
    "bahamas": "バハマ",
    "bahrain": "バーレーン",
    "bangladesh": "バングラデシュ",
    "barbados": "バルバドス",
    "belarus": "ベラルーシ",
    "belgium": "ベルギー",
    "belize": "ベリーズ",
    "benin": "ベナン",
    "bermuda": "バミューダ",
    "bhutan": "ブータン",
    "bolivia": "ボリビア",
    "bosniaAndHerzegovina": "ボスニア・ヘルツェゴビナ",
    "botswana": "ボツワナ",
    "brazil": "ブラジル",
    "britishIndianOceanTerritory": "英領インド洋地域",
    "britishVirginIslands": "英領ヴァージン諸島",
    "brunei": "ブルネイ",
    "bulgaria": "ブルガリア",
    "burkinaFaso": "ブルキナファソ",
    "burundi": "ブルンジ",
    "cambodia": "カンボジア",
    "cameroon": "カメルーン",
    "canada": "カナダ",
    "capeVerde": "カーボベルデ",
    "caribbeanNetherlands": "カリブ・オランダ",
    "caymanIslands": "ケイマン諸島",
    "centralAfricanRepublic": "中央アフリカ共和国",
    "chad": "チャド",
    "chile": "チリ",
    "china": "中国",
    "cocosIslands": "ココス諸島",
    "colombia": "コロンビア",
    "comoros": "コモロ",
    "cookIslands": "クック諸島",
    "costaRica": "コスタリカ",
    "coteDIvoire": "コートジボワール",
    "croatia": "クロアチア",
    "cuba": "キューバ",
    "curacao": "キュラソー",
    "cyprus": "キプロス",
    "czechRepublic": "チェコ",
    "democraticRepublicOfTheCongo": "コンゴ民主共和国",
    "denmark": "デンマーク",
    "djibouti": "ジブチ",
    "dominica": "ドミニカ国",
    "dominicanRepublic": "ドミニカ共和国",
    "ecuador": "エクアドル",
    "egypt": "エジプト",
    "elSalvador": "エルサルバドル",
    "equatorialGuinea": "赤道ギニア",
    "eritrea": "エリトリア",
    "estonia": "エストニア",
    "eswatini": "エスワティニ",
    "ethiopia": "エチオピア",
    "falklandIslands": "フォークランド諸島",
    "faroeIslands": "フェロー諸島",
    "fiji": "フィジー",
    "finland": "フィンランド",
    "france": "フランス",
    "frenchGuiana": "仏領ギアナ",
    "frenchPolynesia": "仏領ポリネシア",
    "frenchSouthernTerritories": "仏領南方・南極地域",
    "gabon": "ガボン",
    "gambia": "ガンビア",
    "georgia": "ジョージア",
    "germany": "ドイツ",
    "ghana": "ガーナ",
    "gibraltar": "ジブラルタル",
    "greece": "ギリシャ",
    "greenland": "グリーンランド",
    "grenada": "グレナダ",
    "guadeloupe": "グアドループ",
    "guam": "グアム",
    "guatemala": "グアテマラ",
    "guernsey": "ガーンジー",
    "guinea": "ギニア",
    "guineaBissau": "ギニアビサウ",
    "guyana": "ガイアナ",
    "haiti": "ハイチ",
    "honduras": "ホンジュラス",
    "hongKong": "香港",
    "hungary": "ハンガリー",
    "iceland": "アイスランド",
    "india": "インド",
    "indonesia": "インドネシア",
    "iran": "イラン",
    "iraq": "イラク",
    "ireland": "アイルランド",
    "isleOfMan": "マン島",
    "israel": "イスラエル",
    "italy": "イタリア",
    "jamaica": "ジャマイカ",
    "japan": "日本",
    "jersey": "ジャージー",
    "jordan": "ヨルダン",
    "kazakhstan": "カザフスタン",
    "kenya": "ケニア",
    "kiribati": "キリバス",
    "kuwait": "クウェート",
    "kyrgyzstan": "キルギス",
    "latvia": "ラトビア",
    "lebanon": "レバノン",
    "lesotho": "レソト",
    "liberia": "リベリア",
    "libya": "リビア",
    "liechtenstein": "リヒテンシュタイン",
    "lithuania": "リトアニア",
    "luxembourg": "ルクセンブルク",
    "macau": "マカオ",
    "madagascar": "マダガスカル",
    "malawi": "マラウイ",
    "malaysia": "マレーシア",
    "maldives": "モルディブ",
    "mali": "マリ",
    "malta": "マルタ",
    "marshallIslands": "マーシャル諸島",
    "martinique": "マルティニーク",
    "mauritania": "モーリタニア",
    "mauritius": "モーリシャス",
    "mayotte": "マヨット",
    "mexico": "メキシコ",
    "micronesia": "ミクロネシア",
    "moldova": "モルドバ",
    "monaco": "モナコ",
    "mongolia": "モンゴル",
    "montenegro": "モンテネグロ",
    "montserrat": "モントセラト",
    "morocco": "モロッコ",
    "mozambique": "モザンビーク",
    "myanmar": "ミャンマー",
    "namibia": "ナミビア",
    "nauru": "ナウル",
    "nepal": "ネパール",
    "netherlands": "オランダ",
    "newCaledonia": "ニューカレドニア",
    "newZealand": "ニュージーランド",
    "nicaragua": "ニカラグア",
    "niger": "ニジェール",
    "nigeria": "ナイジェリア",
    "niue": "ニウエ",
    "norfolkIsland": "ノーフォーク島",
    "northKorea": "北朝鮮",
    "northMacedonia": "北マケドニア",
    "northernMarianaIslands": "北マリアナ諸島",
    "norway": "ノルウェー",
    "oman": "オマーン",
    "pakistan": "パキスタン",
    "palau": "パラオ",
    "palestine": "パレスチナ",
    "panama": "パナマ",
    "papuaNewGuinea": "パプアニューギニア",
    "paraguay": "パラグアイ",
    "peru": "ペルー",
    "philippines": "フィリピン",
    "pitcairnIslands": "ピトケアン諸島",
    "poland": "ポーランド",
    "portugal": "ポルトガル",
    "puertoRico": "プエルトリコ",
    "qatar": "カタール",
    "republicOfTheCongo": "コンゴ共和国",
    "reunion": "レユニオン",
    "romania": "ルーマニア",
    "russia": "ロシア",
    "rwanda": "ルワンダ",
    "saintBarthelemy": "サン・バルテルミー",
    "saintKittsAndNevis": "セントクリストファー・ネイビス",
    "saintLucia": "セントルシア",
    "saintMartin": "サン・マルタン",
    "saintPierreAndMiquelon": "サンピエール島・ミクロン島",
    "saintVincentAndTheGrenadines": "セントビンセントおよびグレナディーン諸島",
    "samoa": "サモア",
    "sanMarino": "サンマリノ",
    "saoTomeAndPrincipe": "サントメ・プリンシペ",
    "saudiArabia": "サウジアラビア",
    "senegal": "セネガル",
    "serbia": "セルビア",
    "seychelles": "セーシェル",
    "sierraLeone": "シエラレオネ",
    "singapore": "シンガポール",
    "sintMaarten": "シント・マールテン",
    "slovakia": "スロバキア",
    "slovenia": "スロベニア",
    "solomonIslands": "ソロモン諸島",
    "somalia": "ソマリア",
    "southAfrica": "南アフリカ共和国",
    "southGeorgiaAndTheSouthSandwichIslands": "サウスジョージア・サウスサンドウィッチ諸島",
    "southKorea": "韓国",
    "southSudan": "南スーダン",
    "spain": "スペイン",
    "sriLanka": "スリランカ",
    "sudan": "スーダン",
    "suriname": "スリナム",
    "sweden": "スウェーデン",
    "switzerland": "スイス",
    "syria": "シリア",
    "taiwan": "台湾",
    "tajikistan": "タジキスタン",
    "tanzania": "タンザニア",
    "thailand": "タイ",
    "timorLeste": "東ティモール",
    "togo": "トーゴ",
    "tokelau": "トケラウ",
    "tonga": "トンガ",
    "trinidadAndTobago": "トリニダード・トバゴ",
    "tunisia": "チュニジア",
    "turkey": "トルコ",
    "turkmenistan": "トルクメニスタン",
    "turksAndCaicosIslands": "タークス・カイコス諸島",
    "tuvalu": "ツバル",
    "uganda": "ウガンダ",
    "ukraine": "ウクライナ",
    "unitedArabEmirates": "アラブ首長国連邦",
    "unitedKingdom": "イギリス",
    "unitedStates": "アメリカ合衆国",
    "unitedStatesVirginIslands": "米領ヴァージン諸島",
    "uruguay": "ウルグアイ",
    "uzbekistan": "ウズベキスタン",
    "vanuatu": "バヌアツ",
    "vaticanCity": "バチカン市国",
    "venezuela": "ベネズエラ",
    "vietnam": "ベトナム",
    "wallisAndFutuna": "ウォリス・フツナ",
    "westernSahara": "西サハラ",
    "zambia": "ザンビア",
    "zimbabwe": "ジンバブエ"
  },
  "city": {
    "abidjan": "アビジャン",
    "accra": "アクラ",
    "addisAbaba": "アディスアベバ",
    "algiers": "アルジェ",
    "cairo": "カイロ",
    "casablanca": "カサブランカ",
    "dakar": "ダカール",
    "darEsSalaam": "ダルエスサラーム",
    "johannesburg": "ヨハネスブルグ",
    "khartoum": "ハルツーム",
    "lagos": "ラゴス",
    "nairobi": "ナイロビ",
    "tripoli": "トリポリ",
    "tunis": "チュニス",
    "anchorage": "アンカレッジ",
    "chicago": "シカゴ",
    "denver": "デンバー",
    "detroit": "デトロイト",
    "losAngeles": "ロサンゼルス",
    "newYork": "ニューヨーク",
    "phoenix": "フェニックス",
    "juneau": "Juneau",
    "boise": "Boise",
    "sitka": "Sitka",
    "metlakatla": "Metlakatla",
    "nome": "Nome",
    "adak": "Adak",
    "yakutat": "Yakutat",
    "menominee": "Menominee",
    "toronto": "トロント",
    "vancouver": "バンクーバー",
    "edmonton": "エドモントン",
    "winnipeg": "ウィニペグ",
    "halifax": "ハリファックス",
    "stJohns": "セントジョンズ",
    "mexicoCity": "メキシコシティ",
    "buenosAires": "ブエノスアイレス",
    "saoPaulo": "サンパウロ",
    "santiago": "サンティアゴ",
    "bogota": "ボゴタ",
    "lima": "リマ",
    "caracas": "カラカス",
    "laPaz": "ラパス",
    "montevideo": "モンテビデオ",
    "asuncion": "アスンシオン",
    "guayaquil": "グアヤキル",
    "guatemalaCity": "グアテマラシティ",
    "managua": "マナグア",
    "sanJose": "サンホセ",
    "panamaCity": "パナマシティ",
    "havana": "ハバナ",
    "kingston": "キングストン",
    "santoDomingo": "サントドミンゴ",
    "portAuPrince": "ポルトープランス",
    "portOfSpain": "ポート・オブ・スペイン",
    "honolulu": "ホノルル",
    "london": "ロンドン",
    "dublin": "ダブリン",
    "paris": "パリ",
    "berlin": "ベルリン",
    "rome": "ローマ",
    "madrid": "マドリード",
    "lisbon": "リスボン",
    "amsterdam": "アムステルダム",
    "brussels": "ブリュッセル",
    "zurich": "チューリッヒ",
    "vienna": "ウィーン",
    "prague": "プラハ",
    "warsaw": "ワルシャワ",
    "stockholm": "ストックホルム",
    "oslo": "オスロ",
    "copenhagen": "コペンハーゲン",
    "helsinki": "ヘルシンキ",
    "athens": "アテネ",
    "bucharest": "ブカレスト",
    "budapest": "ブダペスト",
    "sofia": "ソフィア",
    "kyiv": "キーウ",
    "istanbul": "イスタンブール",
    "moscow": "モスクワ",
    "reykjavik": "レイキャビク",
    "tokyo": "東京",
    "seoul": "ソウル",
    "shanghai": "上海",
    "hongKong": "香港",
    "singapore": "シンガポール",
    "bangkok": "バンコク",
    "jakarta": "ジャカルタ",
    "manila": "マニラ",
    "kualaLumpur": "クアラルンプール",
    "kolkata": "コルカタ",
    "karachi": "カラチ",
    "dhaka": "ダッカ",
    "kathmandu": "カトマンズ",
    "colombo": "コロンボ",
    "kabul": "カブール",
    "dubai": "ドバイ",
    "riyadh": "リヤド",
    "tehran": "テヘラン",
    "jerusalem": "エルサレム",
    "doha": "ドーハ",
    "kuwaitCity": "クウェートシティ",
    "baghdad": "バグダッド",
    "amman": "アンマン",
    "beirut": "ベイルート",
    "damascus": "ダマスカス",
    "muscat": "マスカット",
    "yangon": "ヤンゴン",
    "hoChiMinhCity": "ホーチミン市",
    "taipei": "台北",
    "sydney": "シドニー",
    "melbourne": "メルボルン",
    "brisbane": "ブリスベン",
    "perth": "パース",
    "adelaide": "アデレード",
    "darwin": "ダーウィン",
    "hobart": "ホバート",
    "auckland": "オークランド",
    "suva": "スバ",
    "portMoresby": "ポートモレスビー",
    "apia": "アピア",
    "guam": "グアム",
    "kumasi": "Kumasi",
    "direDawa": "Dire Dawa",
    "oran": "オラン",
    "alexandria": "アレクサンドリア",
    "rabat": "ラバト",
    "marrakech": "マラケシュ",
    "zanzibar": "ザンジバル",
    "capeTown": "ケープタウン",
    "durban": "ダーバン",
    "pretoria": "プレトリア",
    "omdurman": "Omdurman",
    "abuja": "アブジャ",
    "kano": "Kano",
    "mombasa": "モンバサ",
    "benghazi": "ベンガジ",
    "fairbanks": "Fairbanks",
    "ciudadDelEste": "Ciudad del Este",
    "medellin": "メデジン",
    "cali": "カリ",
    "maracaibo": "マラカイボ",
    "austin": "オースティン",
    "dallas": "ダラス",
    "houston": "ヒューストン",
    "kansasCity": "カンザスシティ",
    "minneapolis": "ミネアポリス",
    "nashville": "ナッシュビル",
    "newOrleans": "ニューオーリンズ",
    "stLouis": "セントルイス",
    "albuquerque": "アルバカーキ",
    "coloradoSprings": "Colorado Springs",
    "saltLakeCity": "ソルトレイクシティ",
    "santaFe": "サンタフェ",
    "quito": "キト",
    "santaCruz": "サンタクルス",
    "arequipa": "Arequipa",
    "cusco": "クスコ",
    "lasVegas": "ラスベガス",
    "portland": "ポートランド",
    "sacramento": "サクラメント",
    "sanDiego": "サンディエゴ",
    "sanFrancisco": "サンフランシスコ",
    "seattle": "シアトル",
    "guadalajara": "グアダラハラ",
    "puebla": "プエブラ",
    "queretaro": "Querétaro",
    "puntaDelEste": "Punta del Este",
    "atlanta": "アトランタ",
    "boston": "ボストン",
    "charlotte": "シャーロット",
    "miami": "マイアミ",
    "orlando": "オーランド",
    "philadelphia": "フィラデルフィア",
    "pittsburgh": "ピッツバーグ",
    "washingtonDc": "ワシントンD.C.",
    "tucson": "Tucson",
    "valparaiso": "Valparaíso",
    "puntaCana": "Punta Cana",
    "beloHorizonte": "Belo Horizonte",
    "brasilia": "ブラジリア",
    "rioDeJaneiro": "リオデジャネイロ",
    "salvador": "サルバドール",
    "montreal": "モントリオール",
    "ottawa": "オタワ",
    "quebecCity": "ケベックシティ",
    "victoria": "ビクトリア",
    "saskatoon": "Saskatoon",
    "calgary": "カルガリー",
    "moncton": "Moncton",
    "rosario": "ロサリオ",
    "aqaba": "アカバ",
    "basra": "バスラ",
    "manama": "マナーマ",
    "chiangMai": "チェンマイ",
    "phuket": "プーケット",
    "kandy": "Kandy",
    "chittagong": "Chittagong",
    "abuDhabi": "アブダビ",
    "sharjah": "Sharjah",
    "hanoi": "ハノイ",
    "daNang": "ダナン",
    "bandung": "Bandung",
    "medan": "Medan",
    "surabaya": "スラバヤ",
    "haifa": "ハイファ",
    "telAviv": "テルアビブ",
    "islamabad": "イスラマバード",
    "lahore": "ラホール",
    "pokhara": "Pokhara",
    "ahmedabad": "アーメダバード",
    "bangalore": "バンガロール",
    "chennai": "チェンナイ",
    "delhi": "デリー",
    "hyderabad": "ハイデラバード",
    "jaipur": "ジャイプル",
    "mumbai": "ムンバイ",
    "pune": "プネ",
    "johorBahru": "Johor Bahru",
    "penang": "ペナン",
    "denpasar": "デンパサール",
    "cebu": "セブ",
    "davao": "Davao",
    "jeddah": "ジェッダ",
    "mecca": "メッカ",
    "busan": "釜山",
    "daegu": "大邱",
    "incheon": "仁川",
    "beijing": "北京",
    "chengdu": "成都",
    "chongqing": "重慶",
    "guangzhou": "広州",
    "hangzhou": "杭州",
    "shenzhen": "深圳",
    "wuhan": "武漢",
    "kaohsiung": "高雄",
    "taichung": "台中",
    "mashhad": "マシュハド",
    "fukuoka": "福岡",
    "kyoto": "京都",
    "nagoya": "名古屋",
    "osaka": "大阪",
    "sapporo": "札幌",
    "goldCoast": "Gold Coast",
    "sunshineCoast": "Sunshine Coast",
    "launceston": "Launceston",
    "geelong": "Geelong",
    "fremantle": "Fremantle",
    "canberra": "キャンベラ",
    "newcastle": "Newcastle",
    "eindhoven": "Eindhoven",
    "rotterdam": "ロッテルダム",
    "theHague": "ハーグ",
    "thessaloniki": "テッサロニキ",
    "cologne": "ケルン",
    "frankfurt": "フランクフルト",
    "hamburg": "ハンブルク",
    "munich": "ミュンヘン",
    "stuttgart": "シュトゥットガルト",
    "antwerp": "アントワープ",
    "ghent": "ゲント",
    "debrecen": "Debrecen",
    "szeged": "Szeged",
    "aarhus": "オーフス",
    "odense": "オーデンセ",
    "cork": "Cork",
    "galway": "Galway",
    "tampere": "タンペレ",
    "turku": "トゥルク",
    "ankara": "アンカラ",
    "izmir": "イズミル",
    "porto": "ポルト",
    "birmingham": "バーミンガム",
    "edinburgh": "エディンバラ",
    "glasgow": "グラスゴー",
    "liverpool": "リバプール",
    "manchester": "マンチェスター",
    "barcelona": "バルセロナ",
    "bilbao": "ビルバオ",
    "seville": "セビリア",
    "valencia": "バレンシア",
    "saintPetersburg": "サンクトペテルブルク",
    "bergen": "ベルゲン",
    "trondheim": "トロンハイム",
    "bordeaux": "ボルドー",
    "lyon": "リヨン",
    "marseille": "マルセイユ",
    "nice": "ニース",
    "toulouse": "トゥールーズ",
    "brno": "ブルノ",
    "ostrava": "オストラヴァ",
    "florence": "フィレンツェ",
    "milan": "ミラノ",
    "naples": "ナポリ",
    "turin": "トリノ",
    "venice": "ベネチア",
    "gothenburg": "ヨーテボリ",
    "malmo": "マルメ",
    "graz": "グラーツ",
    "salzburg": "ザルツブルク",
    "gdansk": "グダニスク",
    "krakow": "クラクフ",
    "wroclaw": "ヴロツワフ",
    "basel": "バーゼル",
    "geneva": "ジュネーブ",
    "christchurch": "Christchurch",
    "queenstown": "Queenstown",
    "wellington": "ウェリントン",
    "lae": "Lae",
    "tallinn": "タリン",
    "riga": "リガ",
    "vilnius": "ビリニュス",
    "belgrade": "ベオグラード",
    "zagreb": "ザグレブ",
    "ljubljana": "リュブリャナ",
    "bratislava": "ブラチスラバ",
    "sanJuan": "サンフアン",
    "monterrey": "Monterrey",
    "tbilisi": "トビリシ",
    "yerevan": "エレバン",
    "baku": "バクー",
    "tashkent": "タシュケント",
    "bishkek": "ビシュケク",
    "dushanbe": "ドゥシャンベ",
    "ulaanbaatar": "ウランバートル",
    "luanda": "ルアンダ",
    "maputo": "マプト",
    "kampala": "カンパラ",
    "kigali": "キガリ",
    "harare": "Harare",
    "lusaka": "ルサカ",
    "gaborone": "ハボローネ"
  }
}
