{
  "region": {
    "africa": "Africa",
    "americas": "Americas",
    "antarctica": "Antarctica",
    "arctic": "Arctic",
    "asia": "Asia",
    "atlantic": "Atlantic",
    "australia": "Australia",
    "europe": "Europe",
    "indianOcean": "Indian Ocean",
    "pacific": "Pacific",
    "utc": "UTC"
  },
  "country": {
    "afghanistan": "Afghanistan",
    "albania": "Albania",
    "algeria": "Algeria",
    "americanSamoa": "American Samoa",
    "andorra": "Andorra",
    "angola": "Angola",
    "anguilla": "Anguilla",
    "antarctica": "Antarctica",
    "antiguaAndBarbuda": "Antigua and Barbuda",
    "argentina": "Argentina",
    "armenia": "Armenia",
    "aruba": "Aruba",
    "australia": "Australia",
    "austria": "Austria",
    "azerbaijan": "Azerbaijan",
    "bahamas": "Bahamas",
    "bahrain": "Bahrain",
    "bangladesh": "Bangladesh",
    "barbados": "Barbados",
    "belarus": "Belarus",
    "belgium": "Belgium",
    "belize": "Belize",
    "benin": "Benin",
    "bermuda": "Bermuda",
    "bhutan": "Bhutan",
    "bolivia": "Bolivia",
    "bosniaAndHerzegovina": "Bosnia and Herzegovina",
    "botswana": "Botswana",
    "brazil": "Brazil",
    "britishIndianOceanTerritory": "British Indian Ocean Territory",
    "britishVirginIslands": "British Virgin Islands",
    "brunei": "Brunei",
    "bulgaria": "Bulgaria",
    "burkinaFaso": "Burkina Faso",
    "burundi": "Burundi",
    "cambodia": "Cambodia",
    "cameroon": "Cameroon",
    "canada": "Canada",
    "capeVerde": "Cape Verde",
    "caribbeanNetherlands": "Caribbean Netherlands",
    "caymanIslands": "Cayman Islands",
    "centralAfricanRepublic": "Central African Republic",
    "chad": "Chad",
    "chile": "Chile",
    "china": "China",
    "cocosIslands": "Cocos Islands",
    "colombia": "Colombia",
    "comoros": "Comoros",
    "cookIslands": "Cook Islands",
    "costaRica": "Costa Rica",
    "coteDIvoire": "Cote d'Ivoire",
    "croatia": "Croatia",
    "cuba": "Cuba",
    "curacao": "Curacao",
    "cyprus": "Cyprus",
    "czechRepublic": "Czech Republic",
    "democraticRepublicOfTheCongo": "Democratic Republic of the Congo",
    "denmark": "Denmark",
    "djibouti": "Djibouti",
    "dominica": "Dominica",
    "dominicanRepublic": "Dominican Republic",
    "ecuador": "Ecuador",
    "egypt": "Egypt",
    "elSalvador": "El Salvador",
    "equatorialGuinea": "Equatorial Guinea",
    "eritrea": "Eritrea",
    "estonia": "Estonia",
    "eswatini": "Eswatini",
    "ethiopia": "Ethiopia",
    "falklandIslands": "Falkland Islands",
    "faroeIslands": "Faroe Islands",
    "fiji": "Fiji",
    "finland": "Finland",
    "france": "France",
    "frenchGuiana": "French Guiana",
    "frenchPolynesia": "French Polynesia",
    "frenchSouthernTerritories": "French Southern Territories",
    "gabon": "Gabon",
    "gambia": "Gambia",
    "georgia": "Georgia",
    "germany": "Germany",
    "ghana": "Ghana",
    "gibraltar": "Gibraltar",
    "greece": "Greece",
    "greenland": "Greenland",
    "grenada": "Grenada",
    "guadeloupe": "Guadeloupe",
    "guam": "Guam",
    "guatemala": "Guatemala",
    "guernsey": "Guernsey",
    "guinea": "Guinea",
    "guineaBissau": "Guinea-Bissau",
    "guyana": "Guyana",
    "haiti": "Haiti",
    "honduras": "Honduras",
    "hongKong": "Hong Kong",
    "hungary": "Hungary",
    "iceland": "Iceland",
    "india": "India",
    "indonesia": "Indonesia",
    "iran": "Iran",
    "iraq": "Iraq",
    "ireland": "Ireland",
    "isleOfMan": "Isle of Man",
    "israel": "Israel",
    "italy": "Italy",
    "jamaica": "Jamaica",
    "japan": "Japan",
    "jersey": "Jersey",
    "jordan": "Jordan",
    "kazakhstan": "Kazakhstan",
    "kenya": "Kenya",
    "kiribati": "Kiribati",
    "kuwait": "Kuwait",
    "kyrgyzstan": "Kyrgyzstan",
    "latvia": "Latvia",
    "lebanon": "Lebanon",
    "lesotho": "Lesotho",
    "liberia": "Liberia",
    "libya": "Libya",
    "liechtenstein": "Liechtenstein",
    "lithuania": "Lithuania",
    "luxembourg": "Luxembourg",
    "macau": "Macau",
    "madagascar": "Madagascar",
    "malawi": "Malawi",
    "malaysia": "Malaysia",
    "maldives": "Maldives",
    "mali": "Mali",
    "malta": "Malta",
    "marshallIslands": "Marshall Islands",
    "martinique": "Martinique",
    "mauritania": "Mauritania",
    "mauritius": "Mauritius",
    "mayotte": "Mayotte",
    "mexico": "Mexico",
    "micronesia": "Micronesia",
    "moldova": "Moldova",
    "monaco": "Monaco",
    "mongolia": "Mongolia",
    "montenegro": "Montenegro",
    "montserrat": "Montserrat",
    "morocco": "Morocco",
    "mozambique": "Mozambique",
    "myanmar": "Myanmar",
    "namibia": "Namibia",
    "nauru": "Nauru",
    "nepal": "Nepal",
    "netherlands": "Netherlands",
    "newCaledonia": "New Caledonia",
    "newZealand": "New Zealand",
    "nicaragua": "Nicaragua",
    "niger": "Niger",
    "nigeria": "Nigeria",
    "niue": "Niue",
    "norfolkIsland": "Norfolk Island",
    "northKorea": "North Korea",
    "northMacedonia": "North Macedonia",
    "northernMarianaIslands": "Northern Mariana Islands",
    "norway": "Norway",
    "oman": "Oman",
    "pakistan": "Pakistan",
    "palau": "Palau",
    "palestine": "Palestine",
    "panama": "Panama",
    "papuaNewGuinea": "Papua New Guinea",
    "paraguay": "Paraguay",
    "peru": "Peru",
    "philippines": "Philippines",
    "pitcairnIslands": "Pitcairn Islands",
    "poland": "Poland",
    "portugal": "Portugal",
    "puertoRico": "Puerto Rico",
    "qatar": "Qatar",
    "republicOfTheCongo": "Republic of the Congo",
    "reunion": "Reunion",
    "romania": "Romania",
    "russia": "Russia",
    "rwanda": "Rwanda",
    "saintBarthelemy": "Saint Barthelemy",
    "saintKittsAndNevis": "Saint Kitts and Nevis",
    "saintLucia": "Saint Lucia",
    "saintMartin": "Saint Martin",
    "saintPierreAndMiquelon": "Saint Pierre and Miquelon",
    "saintVincentAndTheGrenadines": "Saint Vincent and the Grenadines",
    "samoa": "Samoa",
    "sanMarino": "San Marino",
    "saoTomeAndPrincipe": "Sao Tome and Principe",
    "saudiArabia": "Saudi Arabia",
    "senegal": "Senegal",
    "serbia": "Serbia",
    "seychelles": "Seychelles",
    "sierraLeone": "Sierra Leone",
    "singapore": "Singapore",
    "sintMaarten": "Sint Maarten",
    "slovakia": "Slovakia",
    "slovenia": "Slovenia",
    "solomonIslands": "Solomon Islands",
    "somalia": "Somalia",
    "southAfrica": "South Africa",
    "southGeorgiaAndTheSouthSandwichIslands": "South Georgia and the South Sandwich Islands",
    "southKorea": "South Korea",
    "southSudan": "South Sudan",
    "spain": "Spain",
    "sriLanka": "Sri Lanka",
    "sudan": "Sudan",
    "suriname": "Suriname",
    "sweden": "Sweden",
    "switzerland": "Switzerland",
    "syria": "Syria",
    "taiwan": "Taiwan",
    "tajikistan": "Tajikistan",
    "tanzania": "Tanzania",
    "thailand": "Thailand",
    "timorLeste": "Timor-Leste",
    "togo": "Togo",
    "tokelau": "Tokelau",
    "tonga": "Tonga",
    "trinidadAndTobago": "Trinidad and Tobago",
    "tunisia": "Tunisia",
    "turkey": "Turkey",
    "turkmenistan": "Turkmenistan",
    "turksAndCaicosIslands": "Turks and Caicos Islands",
    "tuvalu": "Tuvalu",
    "uganda": "Uganda",
    "ukraine": "Ukraine",
    "unitedArabEmirates": "United Arab Emirates",
    "unitedKingdom": "United Kingdom",
    "unitedStates": "United States",
    "unitedStatesVirginIslands": "United States Virgin Islands",
    "uruguay": "Uruguay",
    "uzbekistan": "Uzbekistan",
    "vanuatu": "Vanuatu",
    "vaticanCity": "Vatican City",
    "venezuela": "Venezuela",
    "vietnam": "Vietnam",
    "wallisAndFutuna": "Wallis and Futuna",
    "westernSahara": "Western Sahara",
    "zambia": "Zambia",
    "zimbabwe": "Zimbabwe"
  },
  "city": {
    "asmara": "Asmara",
    "bamako": "Bamako",
    "bangui": "Bangui",
    "banjul": "Banjul",
    "bissau": "Bissau",
    "blantyre": "Blantyre",
    "brazzaville": "Brazzaville",
    "bujumbura": "Bujumbura",
    "ceuta": "Ceuta",
    "conakry": "Conakry",
    "djibouti": "Djibouti",
    "douala": "Douala",
    "elAaiun": "El Aaiún",
    "freetown": "Freetown",
    "juba": "Juba",
    "kinshasa": "Kinshasa",
    "libreville": "Libreville",
    "lome": "Lomé",
    "lubumbashi": "Lubumbashi",
    "malabo": "Malabo",
    "maseru": "Maseru",
    "mbabane": "Mbabane",
    "mogadishu": "Mogadishu",
    "monrovia": "Monrovia",
    "ndjamena": "N'Djamena",
    "niamey": "Niamey",
    "nouakchott": "Nouakchott",
    "ouagadougou": "Ouagadougou",
    "portoNovo": "Porto-Novo",
    "saoTome": "São Tomé",
    "windhoek": "Windhoek",
    "anguilla": "Anguilla",
    "antigua": "Antigua",
    "araguaina": "Araguaína",
    "catamarca": "Catamarca",
    "cordoba": "Córdoba",
    "jujuy": "Jujuy",
    "laRioja": "La Rioja",
    "mendoza": "Mendoza",
    "rioGallegos": "Río Gallegos",
    "salta": "Salta",
    "sanLuis": "San Luis",
    "tucuman": "San Miguel de Tucumán",
    "ushuaia": "Ushuaia",
    "aruba": "Aruba",
    "atikokan": "Atikokan",
    "bahia": "Bahia",
    "bahiaBanderas": "Bahía de Banderas",
    "barbados": "Barbados",
    "belem": "Belém",
    "belize": "Belize City",
    "blancSablon": "Blanc-Sablon",
    "boaVista": "Boa Vista",
    "cambridgeBay": "Cambridge Bay",
    "campoGrande": "Campo Grande",
    "cancun": "Cancún",
    "cayenne": "Cayenne",
    "cayman": "George Town",
    "chihuahua": "Chihuahua",
    "ciudadJuarez": "Ciudad Juárez",
    "coralHarbour": "Coral Harbour",
    "costaRica": "Costa Rica",
    "creston": "Creston",
    "cuiaba": "Cuiabá",
    "curacao": "Willemstad",
    "danmarkshavn": "Danmarkshavn",
    "dawson": "Dawson City",
    "dawsonCreek": "Dawson Creek",
    "dominica": "Roseau",
    "eirunepe": "Eirunepé",
    "elSalvador": "El Salvador",
    "fortNelson": "Fort Nelson",
    "fortaleza": "Fortaleza",
    "glaceBay": "Glace Bay",
    "godthab": "Godthåb",
    "gooseBay": "Goose Bay",
    "grandTurk": "Grand Turk",
    "grenada": "St. George's",
    "guadeloupe": "Pointe-à-Pitre",
    "guatemala": "Guatemala",
    "guyana": "Georgetown",
    "hermosillo": "Hermosillo",
    "indianapolis": "Indianapolis",
    "knox": "Knox",
    "marengo": "Marengo",
    "petersburg": "Petersburg",
    "tellCity": "Tell City",
    "vevay": "Vevay",
    "vincennes": "Vincennes",
    "winamac": "Winamac",
    "inuvik": "Inuvik",
    "iqaluit": "Iqaluit",
    "jamaica": "Jamaica",
    "louisville": "Louisville",
    "monticello": "Monticello",
    "kralendijk": "Kralendijk",
    "lowerPrinces": "Lower Prince's Quarter",
    "maceio": "Maceió",
    "manaus": "Manaus",
    "marigot": "Marigot",
    "martinique": "Fort-de-France",
    "matamoros": "Matamoros",
    "mazatlan": "Mazatlán",
    "merida": "Mérida",
    "miquelon": "Miquelon",
    "montserrat": "Plymouth",
    "nassau": "Nassau",
    "nipigon": "Nipigon",
    "noronha": "Fernando de Noronha",
    "beulah": "Beulah",
    "center": "Center",
    "newSalem": "New Salem",
    "nuuk": "Nuuk",
    "ojinaga": "Ojinaga",
    "panama": "Panama",
    "pangnirtung": "Pangnirtung",
    "paramaribo": "Paramaribo",
    "portoVelho": "Porto Velho",
    "puertoRico": "Puerto Rico",
    "puntaArenas": "Punta Arenas",
    "rainyRiver": "Rainy River",
    "rankinInlet": "Rankin Inlet",
    "recife": "Recife",
    "regina": "Regina",
    "resolute": "Resolute",
    "rioBranco": "Rio Branco",
    "santarem": "Santarém",
    "scoresbysund": "Scoresbysund",
    "stBarthelemy": "Gustavia",
    "stKitts": "Basseterre",
    "stLucia": "Castries",
    "stThomas": "Charlotte Amalie",
    "stVincent": "Kingstown",
    "swiftCurrent": "Swift Current",
    "tegucigalpa": "Tegucigalpa",
    "thule": "Thule",
    "thunderBay": "Thunder Bay",
    "tijuana": "Tijuana",
    "tortola": "Road Town",
    "whitehorse": "Whitehorse",
    "yellowknife": "Yellowknife",
    "casey": "Casey",
    "davis": "Davis",
    "dumontdurville": "Dumont d'Urville",
    "macquarie": "Macquarie",
    "mawson": "Mawson",
    "palmer": "Palmer",
    "rothera": "Rothera",
    "syowa": "Syowa",
    "troll": "Troll",
    "vostok": "Vostok",
    "almaty": "Almaty",
    "anadyr": "Anadyr",
    "aqtau": "Aktau",
    "aqtobe": "Aktobe",
    "ashgabat": "Ashgabat",
    "atyrau": "Atyrau",
    "bahrain": "Bahrain",
    "barnaul": "Barnaul",
    "brunei": "Brunei",
    "chita": "Chita",
    "choibalsan": "Choibalsan",
    "dili": "Dili",
    "famagusta": "Famagusta",
    "gaza": "Gaza",
    "hebron": "Hebron",
    "hoChiMinh": "Ho Chi Minh City",
    "hovd": "Hovd",
    "irkutsk": "Irkutsk",
    "jayapura": "Jayapura",
    "kamchatka": "Petropavlovsk-Kamchatsky",
    "khandyga": "Khandyga",
    "krasnoyarsk": "Krasnoyarsk",
    "kuching": "Kuching",
    "kuwait": "Kuwait",
    "macau": "Macau",
    "magadan": "Magadan",
    "makassar": "Makassar",
    "nicosia": "Nicosia",
    "novokuznetsk": "Novokuznetsk",
    "novosibirsk": "Novosibirsk",
    "omsk": "Omsk",
    "oral": "Oral",
    "phnomPenh": "Phnom Penh",
    "pontianak": "Pontianak",
    "pyongyang": "Pyongyang",
    "qatar": "Qatar",
    "qostanay": "Kostanay",
    "qyzylorda": "Kyzylorda",
    "sakhalin": "Yuzhno-Sakhalinsk",
    "samarkand": "Samarkand",
    "srednekolymsk": "Srednekolymsk",
    "thimphu": "Thimphu",
    "tomsk": "Tomsk",
    "urumqi": "Ürümqi",
    "ustNera": "Ust-Nera",
    "vladivostok": "Vladivostok",
    "yakutsk": "Yakutsk",
    "yekaterinburg": "Yekaterinburg",
    "azores": "Azores",
    "bermuda": "Bermuda",
    "canary": "Canary Islands",
    "capeVerde": "Cape Verde",
    "faroe": "Faroe Islands",
    "madeira": "Madeira",
    "southGeorgia": "South Georgia",
    "stanley": "Stanley",
    "brokenHill": "Broken Hill",
    "eucla": "Eucla",
    "lindeman": "Lindeman",
    "lordHowe": "Lord Howe",
    "andorra": "Andorra la Vella",
    "astrakhan": "Astrakhan",
    "busingen": "Büsingen am Hochrhein",
    "chisinau": "Chișinău",
    "gibraltar": "Gibraltar",
    "guernsey": "St Peter Port",
    "isleOfMan": "Douglas",
    "jersey": "Saint Helier",
    "kaliningrad": "Kaliningrad",
    "kiev": "Kyiv",
    "kirov": "Kirov",
    "luxembourg": "Luxembourg",
    "malta": "Valletta",
    "mariehamn": "Mariehamn",
    "minsk": "Minsk",
    "monaco": "Monaco",
    "podgorica": "Podgorica",
    "samara": "Samara",
    "sanMarino": "San Marino",
    "sarajevo": "Sarajevo",
    "saratov": "Saratov",
    "simferopol": "Simferopol",
    "skopje": "Skopje",
    "tirane": "Tirana",
    "ulyanovsk": "Ulyanovsk",
    "vaduz": "Vaduz",
    "vatican": "Vatican City",
    "volgograd": "Volgograd",
    "antananarivo": "Antananarivo",
    "chagos": "Chagos",
    "christmas": "Christmas Island",
    "cocos": "Cocos Islands",
    "comoro": "Comoros",
    "kerguelen": "Kerguelen",
    "mahe": "Mahé",
    "maldives": "Maldives",
    "mauritius": "Mauritius",
    "mayotte": "Mayotte",
    "reunion": "Réunion",
    "bougainville": "Bougainville",
    "chatham": "Chatham",
    "chuuk": "Chuuk",
    "easter": "Easter Island",
    "efate": "Efate",
    "enderbury": "Enderbury",
    "fakaofo": "Fakaofo",
    "fiji": "Fiji",
    "funafuti": "Funafuti",
    "galapagos": "Galápagos",
    "gambier": "Gambier",
    "guadalcanal": "Guadalcanal",
    "kiritimati": "Kiritimati",
    "kosrae": "Kosrae",
    "kwajalein": "Kwajalein",
    "majuro": "Majuro",
    "marquesas": "Marquesas",
    "midway": "Midway",
    "nauru": "Nauru",
    "niue": "Niue",
    "norfolk": "Norfolk Island",
    "noumea": "Nouméa",
    "pagoPago": "Pago Pago",
    "palau": "Palau",
    "pitcairn": "Pitcairn",
    "pohnpei": "Pohnpei",
    "rarotonga": "Rarotonga",
    "saipan": "Saipan",
    "tahiti": "Tahiti",
    "tarawa": "Tarawa",
    "tongatapu": "Tongatapu",
    "wake": "Wake Island",
    "wallis": "Wallis",
    "abidjan": "Abidjan",
    "accra": "Accra",
    "addisAbaba": "Addis Ababa",
    "algiers": "Algiers",
    "cairo": "Cairo",
    "casablanca": "Casablanca",
    "dakar": "Dakar",
    "darEsSalaam": "Dar es Salaam",
    "johannesburg": "Johannesburg",
    "khartoum": "Khartoum",
    "lagos": "Lagos",
    "nairobi": "Nairobi",
    "tripoli": "Tripoli",
    "tunis": "Tunis",
    "anchorage": "Anchorage",
    "chicago": "Chicago",
    "denver": "Denver",
    "detroit": "Detroit",
    "losAngeles": "Los Angeles",
    "newYork": "New York",
    "phoenix": "Phoenix",
    "juneau": "Juneau",
    "boise": "Boise",
    "sitka": "Sitka",
    "metlakatla": "Metlakatla",
    "nome": "Nome",
    "adak": "Adak",
    "yakutat": "Yakutat",
    "menominee": "Menominee",
    "toronto": "Toronto",
    "vancouver": "Vancouver",
    "edmonton": "Edmonton",
    "winnipeg": "Winnipeg",
    "halifax": "Halifax",
    "stJohns": "St Johns",
    "mexicoCity": "Mexico City",
    "buenosAires": "Buenos Aires",
    "saoPaulo": "Sao Paulo",
    "santiago": "Santiago",
    "bogota": "Bogota",
    "lima": "Lima",
    "caracas": "Caracas",
    "laPaz": "La Paz",
    "montevideo": "Montevideo",
    "asuncion": "Asuncion",
    "guayaquil": "Guayaquil",
    "guatemalaCity": "Guatemala City",
    "managua": "Managua",
    "sanJose": "San Jose",
    "panamaCity": "Panama City",
    "havana": "Havana",
    "kingston": "Kingston",
    "santoDomingo": "Santo Domingo",
    "portAuPrince": "Port-au-Prince",
    "portOfSpain": "Port of Spain",
    "honolulu": "Honolulu",
    "london": "London",
    "dublin": "Dublin",
    "paris": "Paris",
    "berlin": "Berlin",
    "rome": "Rome",
    "madrid": "Madrid",
    "lisbon": "Lisbon",
    "amsterdam": "Amsterdam",
    "brussels": "Brussels",
    "zurich": "Zurich",
    "vienna": "Vienna",
    "prague": "Prague",
    "warsaw": "Warsaw",
    "stockholm": "Stockholm",
    "oslo": "Oslo",
    "copenhagen": "Copenhagen",
    "helsinki": "Helsinki",
    "athens": "Athens",
    "bucharest": "Bucharest",
    "budapest": "Budapest",
    "sofia": "Sofia",
    "kyiv": "Kyiv",
    "istanbul": "Istanbul",
    "moscow": "Moscow",
    "reykjavik": "Reykjavik",
    "tokyo": "Tokyo",
    "seoul": "Seoul",
    "shanghai": "Shanghai",
    "hongKong": "Hong Kong",
    "singapore": "Singapore",
    "bangkok": "Bangkok",
    "jakarta": "Jakarta",
    "manila": "Manila",
    "kualaLumpur": "Kuala Lumpur",
    "kolkata": "Kolkata",
    "karachi": "Karachi",
    "dhaka": "Dhaka",
    "kathmandu": "Kathmandu",
    "colombo": "Colombo",
    "kabul": "Kabul",
    "dubai": "Dubai",
    "riyadh": "Riyadh",
    "tehran": "Tehran",
    "jerusalem": "Jerusalem",
    "doha": "Doha",
    "kuwaitCity": "Kuwait City",
    "baghdad": "Baghdad",
    "amman": "Amman",
    "beirut": "Beirut",
    "damascus": "Damascus",
    "muscat": "Muscat",
    "yangon": "Yangon",
    "hoChiMinhCity": "Ho Chi Minh City",
    "taipei": "Taipei",
    "sydney": "Sydney",
    "melbourne": "Melbourne",
    "brisbane": "Brisbane",
    "perth": "Perth",
    "adelaide": "Adelaide",
    "darwin": "Darwin",
    "hobart": "Hobart",
    "auckland": "Auckland",
    "suva": "Suva",
    "portMoresby": "Port Moresby",
    "apia": "Apia",
    "guam": "Guam",
    "kumasi": "Kumasi",
    "direDawa": "Dire Dawa",
    "oran": "Oran",
    "alexandria": "Alexandria",
    "rabat": "Rabat",
    "marrakech": "Marrakech",
    "zanzibar": "Zanzibar",
    "capeTown": "Cape Town",
    "durban": "Durban",
    "pretoria": "Pretoria",
    "omdurman": "Omdurman",
    "abuja": "Abuja",
    "kano": "Kano",
    "mombasa": "Mombasa",
    "benghazi": "Benghazi",
    "fairbanks": "Fairbanks",
    "ciudadDelEste": "Ciudad del Este",
    "medellin": "Medellin",
    "cali": "Cali",
    "maracaibo": "Maracaibo",
    "austin": "Austin",
    "dallas": "Dallas",
    "houston": "Houston",
    "kansasCity": "Kansas City",
    "minneapolis": "Minneapolis",
    "nashville": "Nashville",
    "newOrleans": "New Orleans",
    "stLouis": "St Louis",
    "albuquerque": "Albuquerque",
    "coloradoSprings": "Colorado Springs",
    "saltLakeCity": "Salt Lake City",
    "santaFe": "Santa Fe",
    "quito": "Quito",
    "santaCruz": "Santa Cruz",
    "arequipa": "Arequipa",
    "cusco": "Cusco",
    "lasVegas": "Las Vegas",
    "portland": "Portland",
    "sacramento": "Sacramento",
    "sanDiego": "San Diego",
    "sanFrancisco": "San Francisco",
    "seattle": "Seattle",
    "guadalajara": "Guadalajara",
    "puebla": "Puebla",
    "queretaro": "Queretaro",
    "puntaDelEste": "Punta del Este",
    "atlanta": "Atlanta",
    "boston": "Boston",
    "charlotte": "Charlotte",
    "miami": "Miami",
    "orlando": "Orlando",
    "philadelphia": "Philadelphia",
    "pittsburgh": "Pittsburgh",
    "washingtonDc": "Washington DC",
    "tucson": "Tucson",
    "valparaiso": "Valparaiso",
    "puntaCana": "Punta Cana",
    "beloHorizonte": "Belo Horizonte",
    "brasilia": "Brasilia",
    "rioDeJaneiro": "Rio de Janeiro",
    "salvador": "Salvador",
    "montreal": "Montreal",
    "ottawa": "Ottawa",
    "quebecCity": "Quebec City",
    "victoria": "Victoria",
    "saskatoon": "Saskatoon",
    "calgary": "Calgary",
    "moncton": "Moncton",
    "rosario": "Rosario",
    "aqaba": "Aqaba",
    "basra": "Basra",
    "manama": "Manama",
    "chiangMai": "Chiang Mai",
    "phuket": "Phuket",
    "kandy": "Kandy",
    "chittagong": "Chittagong",
    "abuDhabi": "Abu Dhabi",
    "sharjah": "Sharjah",
    "hanoi": "Hanoi",
    "daNang": "Da Nang",
    "bandung": "Bandung",
    "medan": "Medan",
    "surabaya": "Surabaya",
    "haifa": "Haifa",
    "telAviv": "Tel Aviv",
    "islamabad": "Islamabad",
    "lahore": "Lahore",
    "pokhara": "Pokhara",
    "ahmedabad": "Ahmedabad",
    "bangalore": "Bangalore",
    "chennai": "Chennai",
    "delhi": "Delhi",
    "hyderabad": "Hyderabad",
    "jaipur": "Jaipur",
    "mumbai": "Mumbai",
    "pune": "Pune",
    "johorBahru": "Johor Bahru",
    "penang": "Penang",
    "denpasar": "Denpasar",
    "cebu": "Cebu",
    "davao": "Davao",
    "jeddah": "Jeddah",
    "mecca": "Mecca",
    "busan": "Busan",
    "daegu": "Daegu",
    "incheon": "Incheon",
    "beijing": "Beijing",
    "chengdu": "Chengdu",
    "chongqing": "Chongqing",
    "guangzhou": "Guangzhou",
    "hangzhou": "Hangzhou",
    "shenzhen": "Shenzhen",
    "wuhan": "Wuhan",
    "kaohsiung": "Kaohsiung",
    "taichung": "Taichung",
    "mashhad": "Mashhad",
    "fukuoka": "Fukuoka",
    "kyoto": "Kyoto",
    "nagoya": "Nagoya",
    "osaka": "Osaka",
    "sapporo": "Sapporo",
    "goldCoast": "Gold Coast",
    "sunshineCoast": "Sunshine Coast",
    "launceston": "Launceston",
    "geelong": "Geelong",
    "fremantle": "Fremantle",
    "canberra": "Canberra",
    "newcastle": "Newcastle",
    "eindhoven": "Eindhoven",
    "rotterdam": "Rotterdam",
    "theHague": "The Hague",
    "thessaloniki": "Thessaloniki",
    "cologne": "Cologne",
    "frankfurt": "Frankfurt",
    "hamburg": "Hamburg",
    "munich": "Munich",
    "stuttgart": "Stuttgart",
    "antwerp": "Antwerp",
    "ghent": "Ghent",
    "debrecen": "Debrecen",
    "szeged": "Szeged",
    "aarhus": "Aarhus",
    "odense": "Odense",
    "cork": "Cork",
    "galway": "Galway",
    "tampere": "Tampere",
    "turku": "Turku",
    "ankara": "Ankara",
    "izmir": "Izmir",
    "porto": "Porto",
    "birmingham": "Birmingham",
    "edinburgh": "Edinburgh",
    "glasgow": "Glasgow",
    "liverpool": "Liverpool",
    "manchester": "Manchester",
    "barcelona": "Barcelona",
    "bilbao": "Bilbao",
    "seville": "Seville",
    "valencia": "Valencia",
    "saintPetersburg": "Saint Petersburg",
    "bergen": "Bergen",
    "trondheim": "Trondheim",
    "bordeaux": "Bordeaux",
    "lyon": "Lyon",
    "marseille": "Marseille",
    "nice": "Nice",
    "toulouse": "Toulouse",
    "brno": "Brno",
    "ostrava": "Ostrava",
    "florence": "Florence",
    "milan": "Milan",
    "naples": "Naples",
    "turin": "Turin",
    "venice": "Venice",
    "gothenburg": "Gothenburg",
    "malmo": "Malmo",
    "graz": "Graz",
    "salzburg": "Salzburg",
    "gdansk": "Gdansk",
    "krakow": "Krakow",
    "wroclaw": "Wroclaw",
    "basel": "Basel",
    "geneva": "Geneva",
    "christchurch": "Christchurch",
    "queenstown": "Queenstown",
    "wellington": "Wellington",
    "lae": "Lae",
    "tallinn": "Tallinn",
    "riga": "Riga",
    "vilnius": "Vilnius",
    "belgrade": "Belgrade",
    "zagreb": "Zagreb",
    "ljubljana": "Ljubljana",
    "bratislava": "Bratislava",
    "sanJuan": "San Juan",
    "monterrey": "Monterrey",
    "tbilisi": "Tbilisi",
    "yerevan": "Yerevan",
    "baku": "Baku",
    "tashkent": "Tashkent",
    "bishkek": "Bishkek",
    "dushanbe": "Dushanbe",
    "ulaanbaatar": "Ulaanbaatar",
    "luanda": "Luanda",
    "maputo": "Maputo",
    "kampala": "Kampala",
    "kigali": "Kigali",
    "harare": "Harare",
    "lusaka": "Lusaka",
    "gaborone": "Gaborone"
  }
}
